,text,created_at,sin,cos,predicted
32,look forward lowell massachusetts today. hear big crowd expected--we lot fun!,17,-0.9976687691905393,-0.06824241336467046,1
33,woody johnson owner nyjets @jebbush‚Äôs finance chairman. woody would‚Äôve w/me would‚Äôve playoff least!,20,-0.730835964278124,0.6825531432186542,1
35,wow @unionleader circulation nh dropped 75000 around 10‚Äîbad management. wonder begged ads.,16,-0.9422609221188204,-0.3348796121709864,0
36,don‚Äôt know @samuelljackson best knowledge played golf w/him &amp; think many tv commercials‚Äîboring. fan.,17,-0.9976687691905393,-0.06824241336467046,1
40,don‚Äôt cheat golf @samuelljackson cheats‚Äîwith game choice‚Äîand stop commercials!,19,-0.8878852184023756,0.4600650377311516,0
41,don‚Äôt like @samuelljackson‚Äôs golf swing. athletic. i‚Äôve many club championships. play charity!,19,-0.8878852184023756,0.4600650377311516,0
43,@wolfblitzer @cnnsitroom interview today. please join u 5pm et.,21,-0.5195839500354336,0.8544194045464886,0
50,massive crowd vt tonight. venue big enough. official say outside event sound system. arrive early!,16,-0.9422609221188204,-0.3348796121709864,1
51,.@sentedcruz ted--free legal advice pre-empt dems citizen issue. go court &amp; seek declaratory judgment--you win!,16,-0.9422609221188204,-0.3348796121709864,0
52,idea @jebbush whose campaign disaster. try using last name ashamed it!,16,-0.9422609221188204,-0.3348796121709864,0
53,weak &amp; ineffective @jebbush ad show statement debate response. false advertising!,16,-0.9422609221188204,-0.3348796121709864,0
54,hillary friends!,17,-0.9976687691905393,-0.06824241336467046,0
55,"rt @joenbc: explosive trump attack hrc bill monica cosby weiner. trump camp upped ante ""women's rights""",18,-0.979084087682323,0.2034560130526333,0
56,@theview @abc great headed @barbarajwalters total freefall. whoopi goldberg terrible. sad!,21,-0.5195839500354336,0.8544194045464886,1
57,joy behar fired last show lack rating even worse @theview. love barbara!,21,-0.5195839500354336,0.8544194045464886,0
58,i'm leaving burlington vermont. wild!,21,-0.5195839500354336,0.8544194045464886,0
62,good news jeb bush,18,-0.979084087682323,0.2034560130526333,0
100,.@megynkelly recently said can‚Äôt wooed trump. average every way hell want woo her!,20,-0.730835964278124,0.6825531432186542,0
110,way cedar fall iowa now. great--i love people iowa!,19,-0.8878852184023756,0.4600650377311516,0
138,rt @janicetaylor912: @donaldjtrumpjr @reryan08 @ivankatrump @erictrump obvious raised great responsible patriotic kid‚Ä¶,20,-0.730835964278124,0.6825531432186542,0
268,situation room @wolfblitzer 5-7pm est cnn,16,-0.9422609221188204,-0.3348796121709864,0
270,rt @geraldorivera: #newyork tromps #jonas. day storm century big city running unlike others northeast. mu‚Ä¶,18,-0.979084087682323,0.2034560130526333,0
271,"rt @anncoulter: rumsfeld: trump ""has touched nerve country...in way politician able do."" - https:/‚Ä¶",18,-0.979084087682323,0.2034560130526333,0
272,obama's deal vs. trump's deals-,18,-0.979084087682323,0.2034560130526333,0
274,morning's maria fox business network tomorrow 7am 8am et hours.,21,-0.5195839500354336,0.8544194045464886,0
292,.@bobvanderplaats begged event asking organizer $100000 himself‚Äîa bad guy!,18,-0.979084087682323,0.2034560130526333,0
293,#gopdebate?,18,-0.979084087682323,0.2034560130526333,0
294,think @sentedcruz know @bobvanderplaats dealings? actually doubt it!,18,-0.979084087682323,0.2034560130526333,0
306,rt @drudge_report: limbaugh: showing he's owning entire event...,21,-0.5195839500354336,0.8544194045464886,0
316,‚Äúwhat america needs: case trump‚Äù great new book esteemed jeffrey lord @jeffjlpa1 available now.,15,-0.816969893010442,-0.5766803221148672,0
321,20 anticipated hotel opening 2016: trump international hotel washington d.c.,19,-0.8878852184023756,0.4600650377311516,0
322,hear @sentedcruz‚Äôs $$ man robert mercer good man angry cruz lied liquidating (ted‚Äôs) holdings.?,19,-0.8878852184023756,0.4600650377311516,0
324,donald trump hand bill o‚Äôreilly cable tv viewership win- @deadline-https://t.co/ytid4irw4y,22,-0.2697967711570252,0.962917287347799,0
376,rt @erinburnett: sat w/ @erictrump @donaldjtrumpjr iowa. talked god @realdonaldtrump late night tweet,20,-0.730835964278124,0.6825531432186542,0
377,"rt @kevcirilli: cedar rapid --trump's daught ivanka:""i say without equivocation father make america great again.""",20,-0.730835964278124,0.6825531432186542,0
383,rt @ingrahamangle: #cruzcrew prevailed! smart @marcorubio keep speech short &amp; sweet. ditto @realdonaldtrump brie‚Ä¶,18,-0.979084087682323,0.2034560130526333,0
384,".@morning_joe @mikebarnicle @realdonaldtrump: finished 2nd made turn successfully like pro""",19,-0.8878852184023756,0.4600650377311516,0
385,rt @joenbc: remarkable cost-effective post say trump campaign per vote stunning much jeb spent per vote.,19,-0.8878852184023756,0.4600650377311516,0
386,rt @namusca: #votetrump2016 real leader truly care america &amp; values. want bring prosperity back 2 usa,19,-0.8878852184023756,0.4600650377311516,0
387,anybody watched ted cruz's far long rambling overly flamboyant speech last nite would say howard dean moment!,20,-0.730835964278124,0.6825531432186542,0
415,big storm new hampshire. moved event monday. next four days.,16,-0.9422609221188204,-0.3348796121709864,1
417,much look forward tomorrow‚Äôs debate new hampshire‚Äîso many thing say much stake. incredible evening!,20,-0.730835964278124,0.6825531432186542,1
418,great support new hampshire. many people working hard #makeamericagreatagain!,20,-0.730835964278124,0.6825531432186542,0
496,failing @nydailynews destroyed little morty zuckerman preparing close save face going online. dead!,16,-0.9422609221188204,-0.3348796121709864,0
497,must registered republican february 16th vote trump florida primary.,18,-0.979084087682323,0.2034560130526333,0
500,lightweight @jebbush spending fortune special interest sc. false advertising- desperate sad!,18,-0.979084087682323,0.2034560130526333,0
505,end illegal immigration protect borders! need make america safe &amp; great again! #trump2016https://t.co/wd3llmz01i,0,0.0,1.0,0
599,use iphone &amp; samsung. apple give info authority terrorist i'll using samsung give info.,21,-0.5195839500354336,0.8544194045464886,0
600,hopefully others follow suit. country need &amp; demand security. time get tough &amp; smart!,21,-0.5195839500354336,0.8544194045464886,0
683,doesn‚Äôt @mittromney endorse @marcorubio already.should done nh nevada little sway. latenow!,16,-0.9422609221188204,-0.3348796121709864,0
899,rt @greta: prob w/ pundit saying last fall @realdonaldtrump chance show medium touch w/ american,15,-0.816969893010442,-0.5766803221148672,0
973,want president?,16,-0.9422609221188204,-0.3348796121709864,0
974,yesterday amazing‚Äî5 victories. lyin‚Äô ted cruzhad zero. thing going well!,17,-0.9976687691905393,-0.06824241336467046,0
975,last 2 week $35m negative ad florida &amp; massive landslide.the establishment save $$!,17,-0.9976687691905393,-0.06824241336467046,0
978,rt @johnstossel: skate b/c @realdonaldtrump fixed rink nyc gov‚Äôt spent $13m failed! good trump! https:/‚Ä¶,18,-0.979084087682323,0.2034560130526333,0
981,interviewed o'reilly factor evening 8 pm fox news channel. @oreillyfactor,21,-0.5195839500354336,0.8544194045464886,0
990,see arizona friday saturday.,16,-0.9422609221188204,-0.3348796121709864,0
991,looking like 5 victory tuesday good ohio. two day ohio mine!,16,-0.9422609221188204,-0.3348796121709864,0
992,highly overrated &amp; crazy @megynkelly always complaining trump yet devotes show me. focus others megyn!,16,-0.9422609221188204,-0.3348796121709864,1
993,star reboot liar liar- hillary clinton ted cruz? let know.,18,-0.979084087682323,0.2034560130526333,0
998,senator @lindseygrahamsc made horrible statement @sentedcruz ‚Äì endorsed him. wonder nobody trust politicians!,19,-0.8878852184023756,0.4600650377311516,0
999,.@ewerickson got fired like dog redstateand one leading opposition me.,19,-0.8878852184023756,0.4600650377311516,0
1042,proven far correct terrorism anybody- it‚Äôs even close. hopefully az ut voting today!,15,-0.816969893010442,-0.5766803221148672,0
1043,watch clip earlier year. time &amp; time right terrorism. it‚Äôs time get tough!,16,-0.9422609221188204,-0.3348796121709864,0
1057,lyin‚Äô ted cruz steal foreign policy line michael douglas‚Äî another dishonest politician.,19,-0.8878852184023756,0.4600650377311516,1
1058,low energy jeb bush endorsed man truly hate lyin‚Äô ted cruz. honestly can‚Äôt blame jeb drove oblivion!,19,-0.8878852184023756,0.4600650377311516,0
1059,watched hillary deliver prepackaged speech terror. she‚Äôs office fighting terror 20 years- look are!,19,-0.8878852184023756,0.4600650377311516,0
1060,best far fighting terror. i‚Äôm one right beginning &amp; lyin‚Äô ted &amp; others copying me.,19,-0.8878852184023756,0.4600650377311516,0
1077,endorsement lyin' ted cruz-,16,-0.9422609221188204,-0.3348796121709864,0
1135,national border patrol council (nbpc) said open border biggest physical &amp; economic threat facing american people!,14,-0.6310879443260528,-0.7757112907044198,0
1136,1st time american history america‚Äôs 16500 border patrol agent issue presidential primary endorsement‚Äîme! thank you.,14,-0.6310879443260528,-0.7757112907044198,0
1137,anybody like lyin' ted?,18,-0.979084087682323,0.2034560130526333,0
1139,must build great wall mexico united states!,21,-0.5195839500354336,0.8544194045464886,1
1140,believe ted cruz killing country trade long put wisconsin ad talking trade?,21,-0.5195839500354336,0.8544194045464886,1
1177,great back home! looking forward great rally tonight bethpage long island!,16,-0.9422609221188204,-0.3348796121709864,0
1181,ted cruz attacked new yorkers new york values- forget!,19,-0.8878852184023756,0.4600650377311516,0
1183,jennifer terrific person.,19,-0.8878852184023756,0.4600650377311516,0
1184,look like right nato. doubt.,19,-0.8878852184023756,0.4600650377311516,0
1185,nobody beat national security.,20,-0.730835964278124,0.6825531432186542,0
1186,‚Äúdonald trump‚Äîthe disrupter‚Äù air @foxnews saturday night sunday night 8 pm et. anchored @bretbaier. @johnrobertsfox,21,-0.5195839500354336,0.8544194045464886,0
1196,happening country‚Äîgreat people disenfranchised bypoliticians. repub party trouble!,15,-0.816969893010442,-0.5766803221148672,1
1197,colorado trump delegate scratched ballot gop convention,20,-0.730835964278124,0.6825531432186542,0
1239,new york make america great again!,17,-0.9976687691905393,-0.06824241336467046,0
1240,lyin‚Äô ted cruz even voted superstorm sandy aid september 11th help. many new yorkers devastated. cruz hate new york!,21,-0.5195839500354336,0.8544194045464886,1
1241,#makeamericagreatagain #nyprimaryhttps://t.co/awow5pyn7n,3,0.730835964278124,0.6825531432186541,0
1247,#icymi: #trump2016 closing speech inbuffalo new york!#votetrumpny,17,-0.9976687691905393,-0.06824241336467046,0
1248,let go america! time take backour country #makeamericagreatagainwatch video &amp; go#votetrump!,17,-0.9976687691905393,-0.06824241336467046,0
1249,#makeamericagreatagain#trump2016,18,-0.979084087682323,0.2034560130526333,0
1250,house task force onurgent fiscal issue call- america needed help?,19,-0.8878852184023756,0.4600650377311516,0
1251,1988 oprah- discussing would never rule run #potus.#trump2016 #votetrumpny #primaryday,19,-0.8878852184023756,0.4600650377311516,0
1252,discussing #newyorkvaluesin buffalo last night- eve #nyprimary.lets go ny! #votetrump,20,-0.730835964278124,0.6825531432186542,0
1253,rt @donaldjtrumpjr: message donald j. trump new york!,21,-0.5195839500354336,0.8544194045464886,0
1254,poll close 3 hours! everyone get vote!#trump2016 #makeamericagreatagainhttps://t.co/eufxeffu0d,22,-0.2697967711570252,0.962917287347799,0
1258,make america great again!,3,0.730835964278124,0.6825531432186541,1
1261,#trump360 watch 360 video speech last night trump tower-,16,-0.9422609221188204,-0.3348796121709864,0
1280,establishment special interest absolutely killing country. stop now:,19,-0.8878852184023756,0.4600650377311516,0
1295,kasich announced want people indiana vote him. typical politician - can't make deal work.,16,-0.9422609221188204,-0.3348796121709864,0
1296,way great state rhode island- big rally. pennsylvania rest day night!,16,-0.9422609221188204,-0.3348796121709864,1
1306,bernie sander treated terribly democrats‚Äîboth delegate &amp; otherwise. show run independent!,16,-0.9422609221188204,-0.3348796121709864,0
1308,bad new york times‚Äîthe inaccurate coverage constantly. always trying belittle. paper lost way!,17,-0.9976687691905393,-0.06824241336467046,0
1339,heading rally bobby now! see soon!https://t.co/dwssoectzn,16,-0.9422609221188204,-0.3348796121709864,0
1397,many report attending alvarez/khan fight weekend vegas. totally untrue! unfortunately plans.,14,-0.6310879443260528,-0.7757112907044198,1
1398,interviewed @bretbaier @specialreport 6pm et tonight @foxnews,18,-0.979084087682323,0.2034560130526333,0
1400,bernie sander treated terribly democrats‚Äîboth delegate &amp; otherwise. show &amp; run independent.,19,-0.8878852184023756,0.4600650377311516,0
1409,thank teacher across america! become potus make education far important component life now.,16,-0.9422609221188204,-0.3348796121709864,0
1439,crooked hillary clinton say got primary vote donald trump. 17 people beat‚Äîshe one!,16,-0.9422609221188204,-0.3348796121709864,0
1440,1 person running primary like hillary clinton would gotten 10 million vote did!,16,-0.9422609221188204,-0.3348796121709864,0
1441,set time record primary vote republican party --despite compete 17 people!,16,-0.9422609221188204,-0.3348796121709864,1
1442,lowering tax far candidate. negotiated increase congress proposal would still lower current!,17,-0.9976687691905393,-0.06824241336467046,0
1443,rt @greta: interesting poll result far (and go vote,20,-0.730835964278124,0.6825531432186542,0
1444,"thank jason greenblatt @jasondovesq ""for children: let's elect donald trump""",20,-0.730835964278124,0.6825531432186542,0
1453,"via @jtanews jason greenblatt ""donald trump visionary talent country needs"" @jasondovesq",15,-0.816969893010442,-0.5766803221148672,0
1454,look much forward meeting w/paul ryan &amp; gop party leadership thurs dc. together beat dems levels!,16,-0.9422609221188204,-0.3348796121709864,0
1455,great nebraska last week. today big day--get vote!,17,-0.9976687691905393,-0.06824241336467046,1
1456,hillary bad judgment!,17,-0.9976687691905393,-0.06824241336467046,0
1457,clinton spend million negative ad &amp; can‚Äôt tell truth husband? don‚Äôt feel sorry crooked hillary!,19,-0.8878852184023756,0.4600650377311516,0
1458,rt @danscavino: ohio general electiondonald trump vs. hillary clinton#makeamericagreatagain #trump2016,20,-0.730835964278124,0.6825531432186542,0
1459,rt @danscavino: louisiana general electiondonald trump vs. hillary clinton#makeamericagreatagain #trump2016,20,-0.730835964278124,0.6825531432186542,0
1464,goofy elizabeth warren one least effective senator entire u.s. senate. done nothing!,14,-0.6310879443260528,-0.7757112907044198,1
1465,goofy elizabeth warren didn‚Äôt gut run potus. phony native american heritage stop vp cold.,17,-0.9976687691905393,-0.06824241336467046,0
1468,thanks piers.,19,-0.8878852184023756,0.4600650377311516,0
1469,people massachusetts found ineffective senator goofy elizabeth warren would lose!,19,-0.8878852184023756,0.4600650377311516,0
1470,goofy elizabeth warren using woman‚Äôs card like friend crooked hillary. see dumb tweet ‚Äúwhen woman stand you‚Ä¶‚Äù,19,-0.8878852184023756,0.4600650377311516,0
1471,native american senator goofy elizabeth warren couldn‚Äôt care le american worker‚Ä¶does nothing help!,20,-0.730835964278124,0.6825531432186542,0
1472,goofy elizabeth warren lied say want abolish federal minimum wage. see media‚Äîasking increase!,20,-0.730835964278124,0.6825531432186542,0
1473,isn‚Äôt funny failed senator like goofy elizabeth warren spend whole day tweeting trump &amp; get nothing done senate?,20,-0.730835964278124,0.6825531432186542,0
1475,goofy elizabeth warren we‚Äôd job america‚Äîshe doesn‚Äôt clue.,21,-0.5195839500354336,0.8544194045464886,0
1479,.@thehill story &amp; carbon tax absolutely incorrect‚Äîit opposite. support endorse carbon tax!,18,-0.979084087682323,0.2034560130526333,0
1480,incredible honor receive endorsement person ihave tremendous respect for. thank sheldon!,20,-0.730835964278124,0.6825531432186542,0
1496,@nytimes dishonest. hit piece cover story yesterday blown rowanne brewer said lie!,13,-0.39840108984624156,-0.9172113015054529,1
1497,wow rowanne brewer prominently depicted woman failing @nytimes story yesterday @foxandfriends saying time lied,13,-0.39840108984624156,-0.9172113015054529,1
1499,coming forward today woman central failing @nytimes hit piece exposed article fraud!,15,-0.816969893010442,-0.5766803221148672,0
1500,"thank anthony @scaramucci @wsj ""the entrepreneur's case trump""",18,-0.979084087682323,0.2034560130526333,0
1502,failing @nytimes greatly embarrassed totally dishonest story relationship women.,22,-0.2697967711570252,0.962917287347799,0
1503,wonder @nytimes failing‚Äîwho believe write false malicious &amp; libelous story me.,22,-0.2697967711570252,0.962917287347799,0
1504,50 woman interviewed @nytimes yet wrote 6. that‚Äôs many positive statements.,22,-0.2697967711570252,0.962917287347799,1
1505,writer proven false story @nytimes michael barbaro interviewed cbs morning unable respond.,22,-0.2697967711570252,0.962917287347799,1
1518,look forward watching @megynkelly tonight 8 pm et. interesting see treat me‚Äîi think fair.,15,-0.816969893010442,-0.5766803221148672,1
1533,clinton supporter @alisonforky declare crooked hillary winner ky ap even called race?,16,-0.9422609221188204,-0.3348796121709864,0
1540,quality woman rowanne brewer lane exposed @nytimes disgusting fraud? thank rowanne.,17,-0.9976687691905393,-0.06824241336467046,0
1547,call unity jason greenblatt @jasondovesq,14,-0.6310879443260528,-0.7757112907044198,0
1576,hillary really protecting women?,15,-0.816969893010442,-0.5766803221148672,0
1577,obama‚Äôs va secretary said measurewait times. hillary say va problem ‚Äòwidespread.‚Äô take care ofour vets!,17,-0.9976687691905393,-0.06824241336467046,0
1585,great new book written crooked hillary. read &amp; never able vote her. @ed_klein,14,-0.6310879443260528,-0.7757112907044198,1
1586,wonderfully written article concerning israel @jasondovesq,15,-0.816969893010442,-0.5766803221148672,0
1587,suggestion dishonest media-,15,-0.816969893010442,-0.5766803221148672,0
1607,today together republican nomination president!,22,-0.2697967711570252,0.962917287347799,1
1696,thank diamond silk!,16,-0.9422609221188204,-0.3348796121709864,0
1697,rt @ivankatrump: next project pretty amazing‚Ä¶!xx ivanka,16,-0.9422609221188204,-0.3348796121709864,0
1698,see said nato obsolete terrorism protection made change without giving credit.https://t.co/srcf1h3rjg,21,-0.5195839500354336,0.8544194045464886,0
1712,rt @seanhannity: graph: @realdonaldtrump's historic 13 million primary vote compared every gop nominee since 1908,21,-0.5195839500354336,0.8544194045464886,0
1717,obama endorsed crooked hillary. want four year obama‚Äîbut nobody else does!,18,-0.979084087682323,0.2034560130526333,1
1720,thank roseanne much appreciated.,21,-0.5195839500354336,0.8544194045464886,0
1725,donald trump plan continue goplegacy leading women‚Äôs civil right racist sexist democrat,15,-0.816969893010442,-0.5766803221148672,0
1728,rarely agree president obama- however 100% correct crooked hillary clinton. great ad!https://t.co/aovvszfaw3,16,-0.9422609221188204,-0.3348796121709864,0
1765,thank lgbt community! fight hillary brings people threaten freedom beliefs.,17,-0.9976687691905393,-0.06824241336467046,0
1808,making big speech tomorrow discus failed policy bad judgment crooked hillary clinton.,14,-0.6310879443260528,-0.7757112907044198,1
1809,hillary say election judgment. right. judgement killed thousand unleashed isi wrecked economy.,16,-0.9422609221188204,-0.3348796121709864,0
1810,hillary clinton surged trade deficit china 40% assecretary state costing american million jobs.,16,-0.9422609221188204,-0.3348796121709864,0
1811,hillary run economy can't even send email without putting entire nation risk?,16,-0.9422609221188204,-0.3348796121709864,0
1813,obama-clinton inherited $10t debt turned nearly $20t. bankrupted‚Ä¶,16,-0.9422609221188204,-0.3348796121709864,0
1815,hillary took money favor regime enslave woman murder gays.,17,-0.9976687691905393,-0.06824241336467046,0
1816,want know hillary clinton's honesty &amp; judgment ask family ambassador stevens.,17,-0.9976687691905393,-0.06824241336467046,0
1817,hillary defrauded america secy state. used personal hedge fund get rich! corrupt dangerous dishonest.,17,-0.9976687691905393,-0.06824241336467046,0
1818,interviewed @loudobbs tonight @foxbusiness 7pm et,20,-0.730835964278124,0.6825531432186542,0
1820,hillary say thing can't change. say change. choice americanism corrupt globalism. #imwithyou,19,-0.8878852184023756,0.4600650377311516,0
1822,#imwithyou,21,-0.5195839500354336,0.8544194045464886,0
1827,"rt @foxbusiness: .@jerryjrfalwell: ""i impressed [@realdonaldtrump's] speech yesterday. best i've ever seen him."" https‚Ä¶",17,-0.9976687691905393,-0.06824241336467046,0
1828,sc kept u safe exec amnesty--for now. hillary pledged expand taking job hispanic &amp; african-american workers.,18,-0.979084087682323,0.2034560130526333,0
1829,hillary clinton‚Äôs open border tearing american family apart. going make country safe americans. #imwithyou,18,-0.979084087682323,0.2034560130526333,0
1830,obama &amp; clinton stop meeting special interest &amp; start meeting victim illegal immigration.,18,-0.979084087682323,0.2034560130526333,0
1831,immigration i‚Äôm consulting immigration officers&amp; wage-earners. hillary clinton consulting wall street.,18,-0.979084087682323,0.2034560130526333,0
1832,inner city left behind. never resource support people open border.,19,-0.8878852184023756,0.4600650377311516,0
1833,rt @scottadamssays: trump's speech today best persuasion ever seen. game over. running unopposed:,19,-0.8878852184023756,0.4600650377311516,0
1834,cnn totally biased favor clinton apologize. knew wrong.,19,-0.8878852184023756,0.4600650377311516,0
1835,another cnn lie. clinton news network losing credibility. i‚Äôm watching much anymore.,19,-0.8878852184023756,0.4600650377311516,0
1836,read full statement supreme court's executive amnesty decision #imwithyou,20,-0.730835964278124,0.6825531432186542,0
1837,meet amazing mother whose letter read speech. lost son policy supported clinton.,21,-0.5195839500354336,0.8544194045464886,0
1875,benghazi another hillary clinton failure. justnever seems work way supposed clinton.,20,-0.730835964278124,0.6825531432186542,0
1876,hillary clinton‚Äôs presidency would catastrophic forthe future country. ill-fit bad judgment.,20,-0.730835964278124,0.6825531432186542,1
1877,yet another terrorist attack time turkey. willthe world ever realize going on? sad.,21,-0.5195839500354336,0.8544194045464886,0
1878,must everything possible keep horrible terrorism outside united states.,21,-0.5195839500354336,0.8544194045464886,0
1889,rt @drudge_report: 43-39,14,-0.6310879443260528,-0.7757112907044198,0
1890,story hillary never change.,14,-0.6310879443260528,-0.7757112907044198,1
1891,new book @ericbolling absolutely terrific must read! #wakeupamerica,17,-0.9976687691905393,-0.06824241336467046,0
1898,#throwbackthursday #trump2016https://t.co/gftspbvixe,2,0.5195839500354336,0.8544194045464886,0
1945,system rigged. general petraeus got trouble far less. unfair! usual bad judgment.,15,-0.816969893010442,-0.5766803221148672,1
1946,fbi director said crooked hillary compromised national security. charges. wow! #riggedsystem,15,-0.816969893010442,-0.5766803221148672,1
1947,looking forward meeting @senbobcorker little while. traveling north carolina together today.,18,-0.979084087682323,0.2034560130526333,0
1962,convention speaker schedule released tomorrow. let today devoted crooked hillary rigged system live.,15,-0.816969893010442,-0.5766803221148672,1
2032,donate today help make america great again! help stop crooked hillary clinton!,20,-0.730835964278124,0.6825531432186542,1
2033,donate today help make america great again! help stop crooked hillary clinton!,21,-0.5195839500354336,0.8544194045464886,1
2051,looking forward convention tonight watch wonderful speaker including wife melania. place look beautiful!,17,-0.9976687691905393,-0.06824241336467046,0
2064,good news melania's speech got publicity history politics especially believe press good press!,15,-0.816969893010442,-0.5766803221148672,0
2065,medium spending time forensic analysis melania's speech fbi spent hillary's emails.,15,-0.816969893010442,-0.5766803221148672,1
2067,urgent: we‚Äôve announced $2 million fundraising goal tonight. please stand us!,18,-0.979084087682323,0.2034560130526333,0
2071,thank @ingrahamangle! #americafirst,1,0.2697967711570243,0.9629172873477992,0
2073,#texttrump88022 exclusive @realdonaldtrump updates! make america great again!,1,0.2697967711570243,0.9629172873477992,1
2074,thank @scottwalker! #americafirst #rncincle,1,0.2697967711570243,0.9629172873477992,0
2075,limited opportunity get official trump gear! shop now!,2,0.5195839500354336,0.8544194045464886,0
2076,limited opportunity get official trump gear! shop now!,2,0.5195839500354336,0.8544194045464886,0
2083,great job @erictrump! proud you!#americafirst #rncincle,4,0.8878852184023752,0.4600650377311522,0
2086,limited opportunity get official trump gear! shop now!,14,-0.6310879443260528,-0.7757112907044198,0
2088,great job @ivankatrump! #rncinclehttps://t.co/swsake11f0,14,-0.6310879443260528,-0.7757112907044198,0
2089,we‚Äôve set new goal: raise $4 million grassroots supporter midnight!,16,-0.9422609221188204,-0.3348796121709864,0
2090,we‚Äôve set new goal: raise $4 million grassroots supporter midnight!,16,-0.9422609221188204,-0.3348796121709864,0
2092,i‚Äôm you! work hard never let down. make america great again!,18,-0.979084087682323,0.2034560130526333,0
2093,i‚Äôm you! work hard never let down. make america great again!,19,-0.8878852184023756,0.4600650377311516,0
2095,watch 360 video live podium! #rncincle #trumpiswithyou #makeamericagreatagain,2,0.5195839500354336,0.8544194045464886,0
2136,thank you! #makeamericagreatagain,12,-0.1361666490962464,-0.9906859460363308,0
2166,i‚Äôm you! work hard never let down. make america great again!,23,-2.4492935982947064e-16,1.0,1
2167,i'm you! work hard never let down. make america great again!,23,-2.4492935982947064e-16,1.0,1
2168,i'm you! work hard never let down. make america great again!,23,-2.4492935982947064e-16,1.0,1
2186,president bring job back get wage american need most.,21,-0.5195839500354336,0.8544194045464886,0
2192,president obama spoke last night world doesn‚Äôt exist. 70% people think country going wrong direction. #dnc,15,-0.816969893010442,-0.5766803221148672,1
2193,rt @drudge_report: obama refers 119 time hillary nominating speech...,15,-0.816969893010442,-0.5766803221148672,0
2194,rt @piersmorgan: trump make funny obvious joke russia going hillary's email &amp; u.s. medium go insane fury.he play t‚Ä¶,15,-0.816969893010442,-0.5766803221148672,0
2196,bernie caved!,18,-0.979084087682323,0.2034560130526333,0
2202,president fix rigged system answer american people!,21,-0.5195839500354336,0.8544194045464886,1
2204,write $1 million check campaign hit million-dollar end-of-month goal!,2,0.5195839500354336,0.8544194045464886,0
2206,write $1 million check campaign hit million-dollar end-of-month goal!,3,0.730835964278124,0.6825531432186541,0
2230,even bill tired lie sad!,18,-0.979084087682323,0.2034560130526333,0
2245,write $2 million check campaign hit million-dollar end-of-month goal!,17,-0.9976687691905393,-0.06824241336467046,0
2260,crushed original goal! write $2 million check campaign hit end-of-month goal!,5,0.9790840876823229,0.20345601305263375,0
2291,"limited edition signed copy book ""the art deal"" donation $184 more. get today!",15,-0.816969893010442,-0.5766803221148672,0
2292,"limited edition signed copy book ""the art deal"" donation $184 more. get today!",15,-0.816969893010442,-0.5766803221148672,0
2293,"limited edition signed copy book ""the art deal"" donation $184 more. get today!",15,-0.816969893010442,-0.5766803221148672,0
2321,counting help defeat hillary clinton cronies. let's make america great again!,15,-0.816969893010442,-0.5766803221148672,0
2322,i'm you. work hard never let down. make america great again!,16,-0.9422609221188204,-0.3348796121709864,0
2323,i'm you. work hard never let down. make america great again!,16,-0.9422609221188204,-0.3348796121709864,0
2324,i'm you. work hard never let down. make america great again!,16,-0.9422609221188204,-0.3348796121709864,0
2325,need support get white house defeat #crookedhillary. let's make america great again!,16,-0.9422609221188204,-0.3348796121709864,0
2326,establishment special interest absolutely killing country. must put #americafirst.,16,-0.9422609221188204,-0.3348796121709864,0
2327,president fix rigged system answer american people!,17,-0.9976687691905393,-0.06824241336467046,0
2328,counting help defeat hillary clinton cronies. let's make america great again!,17,-0.9976687691905393,-0.06824241336467046,0
2329,i'm you. work hard never let down. make america great again!,17,-0.9976687691905393,-0.06824241336467046,0
2330,need support get white house defeat #crookedhillary. let's make america great again!,17,-0.9976687691905393,-0.06824241336467046,0
2331,establishment special interest absolutely killing country. must put #americafirst.,18,-0.979084087682323,0.2034560130526333,0
2332,president fix rigged system answer american people!,18,-0.979084087682323,0.2034560130526333,0
2333,counting help defeat hillary clinton cronies. let's make america great again!,18,-0.979084087682323,0.2034560130526333,0
2334,need support get white house defeat #crookedhillary. let's make america great again!,18,-0.979084087682323,0.2034560130526333,0
2335,i'm you. work hard never let down. make america great again!,18,-0.979084087682323,0.2034560130526333,0
2336,establishment special interest absolutely killing country. must put #americafirst.,18,-0.979084087682323,0.2034560130526333,0
2337,president fix rigged system answer american people!,18,-0.979084087682323,0.2034560130526333,0
2338,need support get white house defeat #crookedhillary. let's make america great again!,18,-0.979084087682323,0.2034560130526333,0
2339,i'm you. work hard never let down. make america great again!,18,-0.979084087682323,0.2034560130526333,0
2340,establishment special interest absolutely killing country. must put #americafirst.,18,-0.979084087682323,0.2034560130526333,0
2341,president fix rigged system answer american people!,18,-0.979084087682323,0.2034560130526333,0
2345,president fix rigged system answer american people!,21,-0.5195839500354336,0.8544194045464886,1
2346,i'm you! work hard never let down. make america great again!,21,-0.5195839500354336,0.8544194045464886,1
2347,establishment special interest absolutely killing country. must put #americafirst.,21,-0.5195839500354336,0.8544194045464886,0
2349,let hillary clinton again!#trumppence16https://t.co/1mgkpnzpkf,23,-2.4492935982947064e-16,1.0,0
2356,"limited edition signed copy book ""the art deal"" donation $184 more. get today!",18,-0.979084087682323,0.2034560130526333,0
2357,"limited edition signed copy book ""the art deal"" donation $184 more. get today!",18,-0.979084087682323,0.2034560130526333,0
2384,act chance private lunch eric trump &amp; tour campaign hq trump tower nyc.,15,-0.816969893010442,-0.5766803221148672,0
2385,act chance private lunch eric trump &amp; tour campaign hq trump tower nyc.,15,-0.816969893010442,-0.5766803221148672,0
2386,act chance private lunch eric trump &amp; tour campaign hq trump tower nyc.,15,-0.816969893010442,-0.5766803221148672,0
2387,act chance private lunch eric trump &amp; tour campaign hq trump tower nyc.,15,-0.816969893010442,-0.5766803221148672,0
2388,act chance private lunch eric trump &amp; tour campaign hq trump tower nyc.,15,-0.816969893010442,-0.5766803221148672,0
2389,act chance private lunch eric trump &amp; tour campaign hq trump tower nyc.,15,-0.816969893010442,-0.5766803221148672,0
2392,rt @nra: .@realdonaldtrump right. @hillaryclinton get pick anti-#2a #scotus judge there‚Äôs nothing do. #neverhillary,20,-0.730835964278124,0.6825531432186542,0
2393,rt @nra: something #electionday: show vote #2a! #defendthesecond #neverhillary,20,-0.730835964278124,0.6825531432186542,0
2394,thank wilmington north carolina!#makeamericagreatagain,21,-0.5195839500354336,0.8544194045464886,0
2395,thank @senatorfischer! #trumppence16https://t.co/rmtu6arztq,0,0.0,1.0,0
2396,thank senator @chuckgrassley! #trumppence16https://t.co/ymdh3fcaew,0,0.0,1.0,0
2397,medium going talk hillary's policy gotten people killed like libya open border maybe emails?,1,0.2697967711570243,0.9629172873477992,1
2412,counting help defeat hillary clinton cronies. let's make america great again!,22,-0.2697967711570252,0.962917287347799,1
2413,i'm you. work hard never let down. make america great again!,5,0.9790840876823229,0.20345601305263375,0
2418,establishment special interest absolutely killing country. must put #americafirst.,16,-0.9422609221188204,-0.3348796121709864,0
2419,i'm you! work hard never let down. make america great again!,16,-0.9422609221188204,-0.3348796121709864,0
2420,i'm you. work hard never let down. make america great again!,17,-0.9976687691905393,-0.06824241336467046,0
2421,establishment special interest absolutely killing country. must put #americafirst.,17,-0.9976687691905393,-0.06824241336467046,0
2422,need support get white house defeat #crookedhillary. let's make america great again!,17,-0.9976687691905393,-0.06824241336467046,0
2451,#makeamericasafeagain #imwithyouhttps://t.co/n9xnogncqc,16,-0.9422609221188204,-0.3348796121709864,0
2452,vote hillary clinton vote another generation poverty high crime &amp; lost opportunities. #imwithyouhttps://t.co/eph6qy7zyb,16,-0.9422609221188204,-0.3348796121709864,0
2453,repeal &amp; replace #obamacare caused soaring double-digit premium increases. disaster!,20,-0.730835964278124,0.6825531432186542,0
2454,going make government people again!#makeamericagreatagain #imwithyouhttps://t.co/fi7yeb2xqb,21,-0.5195839500354336,0.8544194045464886,0
2458,#crookedhillary #throwbackthursday,20,-0.730835964278124,0.6825531432186542,0
2466,thank michigan. movement. going make america safe great again! #trumppence16,22,-0.2697967711570252,0.962917287347799,0
2529,condolence dwyane wade family loss nykea aldridge. thought prayers.,17,-0.9976687691905393,-0.06824241336467046,0
2530,landed iowa attend great event honor wonderful senator @joniernst. look forward friends.,18,-0.979084087682323,0.2034560130526333,0
2531,thank iowa! #imwithyou,21,-0.5195839500354336,0.8544194045464886,0
2546,repeal replace horrible disaster known #obamacare!,22,-0.2697967711570252,0.962917287347799,0
2553,rt @drudge_report: reuters poll: clinton trump tied up...,2,0.5195839500354336,0.8544194045464886,0
2554,rt @rsbnetwork: already live everett wa trump rally. come join us- camera tonight! #trumpineverett,2,0.5195839500354336,0.8544194045464886,0
2556,thank washington! together make america safe great again! #imwithyou #americafirst,3,0.730835964278124,0.6825531432186541,0
2578,#imwithyou,11,0.1361666490962471,-0.9906859460363306,1
2601,mainstream medium never covered hillary‚Äôs massive ‚Äúhacking‚Äùor coughing attack yet #1 trending. what‚Äôs up?,15,-0.816969893010442,-0.5766803221148672,0
2605,great meeting military spouse virginia- joined @ivankatrump @laraleatrump @genflynn &amp; @mayorrgiuliani.,22,-0.2697967711570252,0.962917287347799,0
2618,rt @danscavino: last night winner clear &amp; proven time &amp; time - let #maga!! let win!! #trumptrain,15,-0.816969893010442,-0.5766803221148672,0
2619,hillary gave disastrous news conference tarmac make poor performance last night. decimated media!,15,-0.816969893010442,-0.5766803221148672,0
2625,matt lauer hurt hillary last night. dumb answer email &amp; veteran said jail.,0,0.0,1.0,0
2628,.@cnn unwatchable. news fiction. theyare disgrace broadcasting industry arm clinton campaign.,14,-0.6310879443260528,-0.7757112907044198,0
2629,jeff zucker failed @nbc failing @cnn.,14,-0.6310879443260528,-0.7757112907044198,0
2631,henry mcmaster lt. governor south carolina endorsed beat failed @cnn announcer bakari seller badly. funny!,17,-0.9976687691905393,-0.06824241336467046,0
2685,thank great evening - laconia new hampshire -- back soon! #americafirsthttps://t.co/3kwol2ibaw,3,0.730835964278124,0.6825531432186541,0
2688,great parade villages- love all. #maga. thank incredible support-i forget!,21,-0.5195839500354336,0.8544194045464886,0
2713,interviewed @oreillyfactor - tonight florida now. enjoy!,0,0.0,1.0,0
2714,together make america safe great again! #imwithyou #americafirst,0,0.0,1.0,0
2715,amazing rally florida - movement! join u today,0,0.0,1.0,0
2757,hillary clinton 50 point ahead?#debatenight,0,0.0,1.0,0
2758,rt @teamtrump: @realdonaldtrump administration bring job back! #debates2016,1,0.2697967711570243,0.9629172873477992,0
2759,.@hillaryclinton obama policy increased debt $9trillion last 8 year,1,0.2697967711570243,0.9629172873477992,0
2760,.@hillaryclinton channel john kerry trade: bad trade deal them. #tpp #debates2016,1,0.2697967711570243,0.9629172873477992,0
2762,.@hillaryclinton part rigged dc system 30 years? would take policy advice her? #debates2016,1,0.2697967711570243,0.9629172873477992,1
2765,simple fact @hillaryclinton: typical politician - talk action. #debates2016,1,0.2697967711570243,0.9629172873477992,0
2766,rt @teamtrump: watch: @realdonaldtrump stake election #debates2016,1,0.2697967711570243,0.9629172873477992,0
2767,rt @teamtrump: @realdonaldtrump potus family going safe secure. law order restored! #maga #debates #de‚Ä¶,1,0.2697967711570243,0.9629172873477992,0
2768,stand police protect americans! #debates2016 #maga,1,0.2697967711570243,0.9629172873477992,0
2770,rt @teamtrump: hillary's policy made america le safe that's 200+ general military leader endorsed @realdonaldtrump!‚Ä¶,2,0.5195839500354336,0.8544194045464886,0
2772,hillary clinton candidate stage voted iraq war. #debates2016 #maga,2,0.5195839500354336,0.8544194045464886,0
2775,russia warhead ever n korea testing nuke iran got sweetheart deal keep theirs. thanks @hillaryclinton.,2,0.5195839500354336,0.8544194045464886,1
2776,rt @teamtrump: .@realdonaldtrump calling @hillaryclinton's support nafta = searched moment tonight's debate. #debates20‚Ä¶,2,0.5195839500354336,0.8544194045464886,0
2778,nothing emails. nothing corrupt clinton foundation. nothing #benghazi. #debates2016 #debatenight,2,0.5195839500354336,0.8544194045464886,0
2821,condolence involved today's horrible accident nj deepest gratitude amazing first responders.,18,-0.979084087682323,0.2034560130526333,0
2929,join #facebooklive conclude final #debate preparations.,23,-2.4492935982947064e-16,1.0,0
2932,it‚Äôs simple. ‚Äúmake america great again.‚Äù #debate #bigleaguetruth,1,0.2697967711570243,0.9629172873477992,1
2933,rt @teamtrump: .@realdonaldtrump talk real issue #bigleaguetruth #debates2016,1,0.2697967711570243,0.9629172873477992,0
2934,i‚Äôm proud locker room talk. world serious problems. need serious leaders. #debate #bigleaguetruth,1,0.2697967711570243,0.9629172873477992,0
2935,rt @teamtrump: quite simply @hillaryclinton mistreats women. #bigleaguetruth #debate2016https://t.co/zhgrulictf,1,0.2697967711570243,0.9629172873477992,0
2936,there‚Äôs never anyone abusive woman politics bill clinton.my word unfortunate-the clintons‚Äô action far worse,1,0.2697967711570243,0.9629172873477992,1
2938,rt @teamtrump: rt believe @hillaryclinton one owes america apology! #bigleaguetruth #debates,1,0.2697967711570243,0.9629172873477992,0
2940,basically nothing hillary said secret server true. #crookedhillary,1,0.2697967711570243,0.9629172873477992,0
2941,hillary‚Äôs 33000 deleted email daughter‚Äôs wedding. that‚Äôs lot wedding emails. #debate,1,0.2697967711570243,0.9629172873477992,0
2943,obama clinton told lie sell #obamacare. #debates2016,1,0.2697967711570243,0.9629172873477992,0
2944,must repeal obamacare replace much competitive comprehensive affordable system. #debate #maga,1,0.2697967711570243,0.9629172873477992,0
2945,.@hillaryclinton : bill ‚Äúclarified‚Äù meant calling obamacare ‚Äúdisaster.‚Äù actually ‚Äúdisaster‚Äù pretty clear. #debate,1,0.2697967711570243,0.9629172873477992,0
2946,rt @teamtrump: agree bill obamacare ‚Äúthe craziest thing world.‚Äù #bigleaguetruth #debates2016,1,0.2697967711570243,0.9629172873477992,0
2947,.@hillaryclinton law!#debates2016,1,0.2697967711570243,0.9629172873477992,0
2948,rt @realdonaldtrump: attn: @hillaryclinton - five staffer need fbi immunity?! #bigleaguetruth #debates,1,0.2697967711570243,0.9629172873477992,0
2949,#crookedhillary failed world! Ùè∞Ä #bigleaguetruth #debates2016,1,0.2697967711570243,0.9629172873477992,0
2950,rt @teamtrump: @realdonaldtrump end even @billclinton called crazy system. #bigleaguetruth #debate,1,0.2697967711570243,0.9629172873477992,0
2951,".@hillaryclinton #icymi- ""we narrative fight.""@mike_pence #maga",1,0.2697967711570243,0.9629172873477992,0
2953,hope msm run ‚Äúinterruption counters‚Äù consider # time moderator interrupted com‚Ä¶,1,0.2697967711570243,0.9629172873477992,0
2954,hypocrite! @hillaryclinton claim need ‚Äúpublic private stance‚Äù discussion wall street banks. #debate,1,0.2697967711570243,0.9629172873477992,0
2955,need public private position@hillaryclinton #debates2016,1,0.2697967711570243,0.9629172873477992,0
2957,history lesson: there‚Äôs big difference hillary clinton abraham lincoln. one nickname hone‚Ä¶,2,0.5195839500354336,0.8544194045464886,1
2958,rt @teamtrump: .@hillaryclinton raising tax disastrous level. @realdonaldtrump going lower tax - big league! #d‚Ä¶,2,0.5195839500354336,0.8544194045464886,0
2960,"hillary clinton's ""accomplishments"" state department.#debates2016 #rattledhillary",2,0.5195839500354336,0.8544194045464886,0
2961,world peaceful prosperous america strongest.,2,0.5195839500354336,0.8544194045464886,0
2962,rt @jasonmillerindc: @realdonaldtrump debating crooked @hillaryclinton moderator @ac360 @martharaddatz? #rattledhillary,2,0.5195839500354336,0.8544194045464886,0
2963,definition ransom ‚¨á,2,0.5195839500354336,0.8544194045464886,0
2964,cannot let evil continue! #debates2016,2,0.5195839500354336,0.8544194045464886,0
2965,"rt @teamtrump: ""we going thriving again."" - @realdonaldtrump #bigleaguetruth #debates2016",2,0.5195839500354336,0.8544194045464886,0
2966,rt @teamtrump: .@hillaryclinton chance blew it. #bigleaguetruth #debates,2,0.5195839500354336,0.8544194045464886,0
2968,administration every american treated equally protected equally honored equally #debate #bigleaguetruth,2,0.5195839500354336,0.8544194045464886,0
2969,"fact ‚úîÔ∏è ‚Äúred line‚Äù syria: hrc ""i wasn‚Äôt there."" fact: line drawn aug ‚Äô12. hrc secy state til feb ‚Äô13.",2,0.5195839500354336,0.8544194045464886,0
2970,@hillaryclinton president she‚Äôll talk nothing get done. #debate #bigleaguetruth,2,0.5195839500354336,0.8544194045464886,0
2971,"agree @potus-""she'll (hillary clinton) say anything &amp; change nothing. time turn page"" -president obama",2,0.5195839500354336,0.8544194045464886,0
2972,country cannot take four year barack obama! #debate,2,0.5195839500354336,0.8544194045464886,0
2973,@ac360: ‚Äúhow unite country you‚Äôve written ten million americans?‚Äù #deplorables #bigleaguetruth #debate,2,0.5195839500354336,0.8544194045464886,0
2975,country slowest growth since 1929. #bigleaguetruth #debate,2,0.5195839500354336,0.8544194045464886,0
2979,hypocrite: @hillaryclinton single biggest beneficiary citizen united history far. #debate #bigleaguetruth,2,0.5195839500354336,0.8544194045464886,0
2981,rt @teamtrump: it‚Äôs u vs. them! @realdonaldtrump fight you! #bigleaguetruth #debates,2,0.5195839500354336,0.8544194045464886,0
2983,rt @teamtrump: rt agree @realdonaldtrump #debate- big league! #maga,2,0.5195839500354336,0.8544194045464886,0
2996,exception cheating bernie nom dems always proven far loyal republicans!,14,-0.6310879443260528,-0.7757112907044198,1
3014,movement lakeland florida. voter registration extended 10/18. register asap @ &amp;‚Ä¶,21,-0.5195839500354336,0.8544194045464886,0
3017,phony story failing @nytimes total fabrication. written people last discredited story women. watch!,13,-0.39840108984624156,-0.9172113015054529,1
3023,crossroad history civilization determine whether people reclaim c‚Ä¶,22,-0.2697967711570252,0.962917287347799,0
3030,make sure registered vote! let's #makeamericagreatagain! can't afford year failure! info:‚Ä¶,20,-0.730835964278124,0.6825531432186542,0
3066,"üö®breakingüö®: ""state department's kennedy pressured fbi unclassify clinton emails: fbi documents""https://t.co/gyyaneeysa",15,-0.816969893010442,-0.5766803221148672,0
3069,corruption confirmed: fbi confirms state dept. offered 'quid pro quo' cover classified emailshttps://t.co/a3mcnblcso,15,-0.816969893010442,-0.5766803221148672,0
3071,thought force fighting isi iraq. must never back extreme radical islami‚Ä¶,17,-0.9976687691905393,-0.06824241336467046,0
3075,crooked hillary colluded w/fbi doj medium covering protect her. #riggedsystem! country d‚Ä¶,21,-0.5195839500354336,0.8544194045464886,1
3090,time #draintheswamp washington d.c! vote nov. 8th take #rigged system!,18,-0.979084087682323,0.2034560130526333,0
3115,tune get word #bigleaguetruth #debate help u spread truth stop the‚Ä¶,0,0.0,1.0,0
3117,ready lead. ready make america great again. #debate #maga,1,0.2697967711570243,0.9629172873477992,1
3118,hillary clinton want create liberal supreme court history #debate #draintheswamp,1,0.2697967711570243,0.9629172873477992,0
3119,2nd amendment siege. need scotus judge uphold u constitution. #debate #bigleaguetruth,1,0.2697967711570243,0.9629172873477992,0
3120,.@realdonaldtrump protect defend constitution #debate #bigleaguetruth #draintheswamp,1,0.2697967711570243,0.9629172873477992,0
3121,.@hillaryclinton list litany way plan restrict gun rights. 2a survive hillary presidency. #debate #bigleaguetruth,1,0.2697967711570243,0.9629172873477992,0
3123,.@realdonaldtrump pro-life pro-family #bigleaguetruth #debates2016,1,0.2697967711570243,0.9629172873477992,0
3125,drug pouring country. border country. that‚Äôs ice endorsed me. #debate #bigleaguetruth,1,0.2697967711570243,0.9629172873477992,0
3127,one first act president deport drug lord secure border. #debate #maga,1,0.2697967711570243,0.9629172873477992,0
3129,.@realdonaldtrump want safe america w/ stronger border amnesty end sanctuary cities. is‚Ä¶,1,0.2697967711570243,0.9629172873477992,0
3130,hillary weak lead border security-no solution idea credibility.she supported nafta worst deal u history. #debate,1,0.2697967711570243,0.9629172873477992,0
3131,trump &amp; clinton immigration#debate #bigleaguetruth,1,0.2697967711570243,0.9629172873477992,0
3132,moderator: hillary paid $225000 brazilian bank speech called ‚Äúopen borders.‚Äù that‚Äôs quote! #debate #bigleaguetruth,1,0.2697967711570243,0.9629172873477992,0
3134,hillary called 550% syrian immigrant won‚Äôt even mention ‚Äúradical islamic terrorists.‚Äù #debate‚Ä¶,1,0.2697967711570243,0.9629172873477992,0
3136,moderator: hillary plan call regulation government spending. #debate #bigleaguetruth,1,0.2697967711570243,0.9629172873477992,0
3137,.@hillaryclinton foreign policy disaster american people. #makeamericastrongagain #debate‚Ä¶,1,0.2697967711570243,0.9629172873477992,0
3139,.@hillaryclinton's tax hike crush economy. cut tax -- big league.,1,0.2697967711570243,0.9629172873477992,1
3140,#bigleaguetruth,1,0.2697967711570243,0.9629172873477992,0
3142,#crookedhillary's plan add $1.15 trillion new taxes. cannot afford her! #draintheswamp #debate,1,0.2697967711570243,0.9629172873477992,0
3143,renegotiate nafta. can‚Äôt make great deal we‚Äôre going tear up. we‚Äôre going get economy running again. #debate,1,0.2697967711570243,0.9629172873477992,1
3147,crooked hillary never created job life. create 25 million jobs. think that? c‚Ä¶,1,0.2697967711570243,0.9629172873477992,1
3148,country stagnant. we‚Äôve lost job business. don‚Äôt make thing anymore b/c bill hillary‚Äôs husband signed blessed,1,0.2697967711570243,0.9629172873477992,0
3149,.@realdonaldtrump first 30 day office hillary done last 30 years! #debate‚Ä¶,1,0.2697967711570243,0.9629172873477992,0
3151,#crookedhillary nothing wall street puppet! #bigleaguetruth #debate,1,0.2697967711570243,0.9629172873477992,0
3152,"crooked's camp incited violence rallies. incident ""spontaneous"" - like claimed benghazi!",1,0.2697967711570243,0.9629172873477992,0
3154,she'll say anything change nothing! #maga #bigleaguetruth,1,0.2697967711570243,0.9629172873477992,0
3155,.@hillaryclinton love lie. america enough clinton's! time #draintheswamp! debate,1,0.2697967711570243,0.9629172873477992,0
3156,moderator: ‚Äúrespectfully won‚Äôt answer pay-to-play question.‚Äù #debate #bigleaguetruth,2,0.5195839500354336,0.8544194045464886,0
3157,crooked @hillaryclinton's foundation criminal enterprise. time #draintheswamp! #bigleaguetruth #debate,2,0.5195839500354336,0.8544194045464886,0
3158,live fact-check: trump's right. clinton foundation taken million middle east. #draintheswamp,2,0.5195839500354336,0.8544194045464886,0
3159,crooked‚Äôs top aide mired massive conflict interest state dept. must #draintheswamp #debate,2,0.5195839500354336,0.8544194045464886,0
3163,bernie sander hrc: bad judgement. john podesta hrc: bad instincts. #bigleaguetruth #debate,2,0.5195839500354336,0.8544194045464886,1
3165,opposed going iraq. hillary voted it. everything else supported disaster.,2,0.5195839500354336,0.8544194045464886,0
3166,instinct suboptimal.https://t.co/prchvrtpva,2,0.5195839500354336,0.8544194045464886,0
3167,saying @realdonaldtrump's great debate @hillaryclinton's bad performance‚Ä¶,2,0.5195839500354336,0.8544194045464886,0
3168,crooked @hillaryclinton allowed isi rise claim she'll defeat them? laughable! here's plan:,2,0.5195839500354336,0.8544194045464886,0
3170,usa greatest business people world let political hack negotiate deals. need change! #bigleaguetruth #debate,2,0.5195839500354336,0.8544194045464886,0
3173,isi infiltrated country europe posing refugee @hillaryclinton allow happen h‚Ä¶,2,0.5195839500354336,0.8544194045464886,0
3174,.@realdonaldtrump going cut tax big league -- crooked going raise tax big league! #draintheswamp‚Ä¶,2,0.5195839500354336,0.8544194045464886,0
3177,started campaign make america great again. that‚Äôs i‚Äôm going do. #maga #debate,2,0.5195839500354336,0.8544194045464886,1
3178,cannot take four year barack obama that‚Äôs you‚Äôll get vote hillary. #bigleaguetruth,2,0.5195839500354336,0.8544194045464886,0
3198,obama took office 2009 employer-provided premium cost $13375. today $18142. thanks obama.,20,-0.730835964278124,0.6825531432186542,0
3279,hillary said sniper fire (while surrounded usss.) turned total lie. fit to‚Ä¶,21,-0.5195839500354336,0.8544194045464886,1
3298,crooked hillary launched political career letting terrorist hook. #draintheswamp‚Ä¶,22,-0.2697967711570252,0.962917287347799,0
3328,$25 million+ raised online one week! record week. #draintheswamp today set bigger record. contribute &gt;https://t.co/cz1qmzcxwo,18,-0.979084087682323,0.2034560130526333,0
3346,thank incredible support wisconsin governor @scottwalker! time #draintheswamp &amp; #maga!‚Ä¶,0,0.0,1.0,0
3412,live #periscope: join minute pennsylvania. get &amp; vote tomorrow. let #maga!!,23,-2.4492935982947064e-16,1.0,0
3421,vote today! go find polling location. going make america great again!‚Ä¶,16,-0.9422609221188204,-0.3348796121709864,1
3422,need vote. go polls! let's continue movement! find poll location:,18,-0.979084087682323,0.2034560130526333,0
3469,.@transition2017 update policy plan first 100 days.,23,-2.4492935982947064e-16,1.0,0
3478,meeting @nytimes back 12:30 today. look forward it!,15,-0.816969893010442,-0.5766803221148672,1
3479,seriously considering dr. ben carson head hud. i've gotten know well--he's greatly talented person love people!,17,-0.9976687691905393,-0.06824241336467046,0
3499,met general petraeus--was impressed!,21,-0.5195839500354336,0.8544194045464886,0
3504,thought prayer great people tennessee terrible wildfires. stay safe!,20,-0.730835964278124,0.6825531432186542,0
3541,"press would cover accurately &amp; honorably would far le reason ""tweet."" sadly know ever happen!",16,-0.9422609221188204,-0.3348796121709864,0
3545,masa (softbank) japan agreed invest $50 billion u.s. toward business 50000 new jobs....,19,-0.8878852184023756,0.4600650377311516,0
3546,masa said would never (trump) election!,19,-0.8878852184023756,0.4600650377311516,0
3590,.@billgates @jimbrownnfl32 trump tower office yesterday- two great guys!,18,-0.979084087682323,0.2034560130526333,0
3598,"well together! hope ""movement"" fan go d.c. jan 20th swearing in. let's set time record!",16,-0.9422609221188204,-0.3348796121709864,0
